"specification_id","term","estimate_log_odds","std_error","z_value","p_value","ci95_lower_logit","ci95_upper_logit","odds_ratio","or_ci95_lower","or_ci95_upper","ci_crosses_1","direction","ci_method","comparison_term","primary_specification_id","primary_estimate_log_odds","primary_std_error","primary_z_value","primary_p_value","primary_ci95_lower_logit","primary_ci95_upper_logit","primary_odds_ratio","primary_or_ci95_lower","primary_or_ci95_upper","primary_ci_crosses_1","primary_direction","primary_ci_method","or_difference","or_difference_pct","log_odds_difference","direction_change","ci_crosses_1_change"
"RELEASE_MONTH","(Intercept)",1.54627192572214,0.102556778314799,15.0772279622107,2.28669989443795e-51,1.34526433385467,1.7472795175896,4.69393817241595,3.83920123734661,5.7389686563269,FALSE,"+","Wald normal","(Intercept)","PRIMARY",1.64854792601808,0.0794799043053611,20.7416949029578,1.45700329465069e-95,1.49277017608489,1.80432567595128,5.1994243940999,4.44940409548766,6.07587295956721,FALSE,"+","Wald normal",-0.505486221683944,9.72196503631345,-0.102276000295948,FALSE,FALSE
"RELEASE_MONTH","z_log1p_price",-0.0772672458812153,0.0323004638879179,-2.39214043950983,0.016750431567673,-0.140574991785471,-0.0139594999769597,0.925642446417409,0.868858505238957,0.98613748204486,FALSE,"-","Wald normal","z_log1p_price","PRIMARY",-0.0730417527083384,0.0321653680584518,-2.27081973927999,0.023157892501763,-0.136084715652379,-0.00999878976429776,0.929562017483736,0.872768692187678,0.990051031943549,FALSE,"-","Wald normal",-0.00391957106632701,0.421657833754552,-0.00422549317287695,FALSE,FALSE
"RELEASE_MONTH","release_month2025-08",0.103502549470786,0.103590563644985,0.999150364945397,0.317721856156132,-0.0995312244115886,0.306536323353161,1.10904862084852,0.905261683163814,1.35871081951387,TRUE,"+","Wald normal","release_month2025-08",,,,,,,,,,,,,,,,,,
"RELEASE_MONTH","release_month2025-09",0.187816372910779,0.104341460801153,1.80001670926102,0.0718579998679228,-0.0166891323537782,0.392321878175336,1.20661192836932,0.983449359707833,1.48041414772556,TRUE,"+","Wald normal","release_month2025-09",,,,,,,,,,,,,,,,,,
"RELEASE_MONTH","release_month2025-10",0.157570751346715,0.103935753928559,1.51603991303149,0.129509260302999,-0.0461395830592777,0.361281085752708,1.17066358107665,0.954908663815207,1.43516680913098,TRUE,"+","Wald normal","release_month2025-10",,,,,,,,,,,,,,,,,,
"RELEASE_MONTH","release_month2025-11",0.128357244721144,0.0989943921778117,1.29661127158184,0.194764972217718,-0.0656681986188004,0.322382688061089,1.13695910279181,0.936441525341407,1.38041294244174,TRUE,"+","Wald normal","release_month2025-11",,,,,,,,,,,,,,,,,,
"RELEASE_MONTH","release_month2025-12",0.0406426624646563,0.111682126428839,0.363913759204369,0.715922409769925,-0.178250283052716,0.259535607982029,1.04147987919108,0.836732977195592,1.29632794251195,TRUE,"+","Wald normal","release_month2025-12",,,,,,,,,,,,,,,,,,
"RELEASE_MONTH","platform_segmentWindows + macOS",0.370918506373031,0.108650329269657,3.41387374402205,0.000640462478868381,0.157967774096086,0.583869238649977,1.44906497901389,1.17112845342654,1.79296242633407,FALSE,"+","Wald normal","platform_segmentWindows + macOS","PRIMARY",0.366529652998134,0.1083358116059,3.38327324607567,0.000716273288264698,0.154195364014654,0.578863941981614,1.44271918086519,1.16671879938337,1.78401053958879,FALSE,"+","Wald normal",0.00634579814870118,0.439849849705021,0.00438885337489703,FALSE,FALSE
"RELEASE_MONTH","platform_segmentWindows + Linux",0.496019421456912,0.165901282869512,2.98984681057018,0.00279117389807157,0.170858882043677,0.821179960870147,1.64217145087107,1.18632332568551,2.27318051973539,FALSE,"+","Wald normal","platform_segmentWindows + Linux","PRIMARY",0.489501800199617,0.165771764774803,2.95286595316514,0.00314838645647288,0.164595111587357,0.814408488811877,1.63150320287972,1.17891569276231,2.25783973981205,FALSE,"+","Wald normal",0.0106682479913511,0.653890717009986,0.00651762125729499,FALSE,FALSE
"RELEASE_MONTH","platform_segmentWindows + macOS + Linux",0.426170394980049,0.112976881322722,3.77219117743814,0.000161820190174753,0.204739776501857,0.64760101345824,1.53138169265607,1.22720567565482,1.91095098003913,FALSE,"+","Wald normal","platform_segmentWindows + macOS + Linux","PRIMARY",0.418186053630357,0.112872129629295,3.70495404847772,0.000211429058503257,0.196960744698604,0.639411362562111,1.51920330139901,1.21769623873481,1.89536486815435,FALSE,"+","Wald normal",0.0121783912570541,0.801630120592756,0.00798434134969161,FALSE,FALSE
"RELEASE_MONTH","genre_action",-0.132618921988734,0.065736054372454,-2.01744572677465,0.0436490194295052,-0.26145922104451,-0.00377862293295705,0.875798776180798,0.769927271614124,0.996228507079308,FALSE,"-","Wald normal","genre_action","PRIMARY",-0.124687684110165,0.0655244567545831,-1.90291824283524,0.0570512141588083,-0.2531132594557,0.00373789123536991,0.882772563434394,0.776379944474036,1.00374488586315,TRUE,"-","Wald normal",-0.00697378725359532,0.789986859861624,-0.00793123787856828,FALSE,TRUE
"RELEASE_MONTH","genre_adventure",-0.0129350375348578,0.0626324215777995,-0.206523030868133,0.836382376458933,-0.135692328091874,0.109822253022159,0.987148260521854,0.873111222963704,1.11607967303821,TRUE,"-","Wald normal","genre_adventure","PRIMARY",-0.00769179156638015,0.062609430371677,-0.122853562486007,0.902223058739129,-0.130404020187435,0.115020437054675,0.99233771456224,0.877740734297098,1.12189636559501,TRUE,"-","Wald normal",-0.00518945404038584,0.522952414710465,-0.00524324596847764,FALSE,FALSE
"RELEASE_MONTH","genre_casual",0.0957353479878173,0.0670200734308279,1.42845781997877,0.153160127016782,-0.0356215821778352,0.22709227815347,1.10046778443832,0.965005399639137,1.25494566666618,TRUE,"+","Wald normal","genre_casual","PRIMARY",0.101220050627175,0.0669988735444931,1.51077242455362,0.130846442688238,-0.0300953285247846,0.232535429779135,1.10652010541846,0.970353026816746,1.26179515069055,TRUE,"+","Wald normal",-0.00605232098013064,0.546968911861012,-0.00548470263935802,FALSE,FALSE
"RELEASE_MONTH","genre_indie",0.139649423787336,0.0693689050824824,2.01314153108352,0.044099742164963,0.00368886817869307,0.275609979395979,1.14987061090348,1.00369568042683,1.31733397642726,FALSE,"+","Wald normal","genre_indie","PRIMARY",0.135089176785313,0.0693213115085197,1.94873948350949,0.0513265440200587,-0.000778097132467459,0.270956450703093,1.14463885501351,0.999222205506607,1.31121796652065,TRUE,"+","Wald normal",0.00523175588996527,0.457066075212298,0.00456024700202301,FALSE,TRUE
"RELEASE_MONTH","genre_rpg",-0.0923694285653096,0.0693097676066084,-1.33270434680411,0.182628846232677,-0.228214076851103,0.0434752197204837,0.911768254081518,0.795953846302269,1.0444341126221,TRUE,"-","Wald normal","genre_rpg","PRIMARY",-0.0871883993301128,0.0692183774701941,-1.25961345117713,0.207808840724622,-0.222853926239992,0.0484771275797663,0.916504410549793,0.800231733615687,1.04967136302123,TRUE,"-","Wald normal",-0.00473615646827519,0.51676308523535,-0.00518102923519682,FALSE,FALSE
"RELEASE_MONTH","genre_simulation",-0.237422645210998,0.0651612234501974,-3.64361859154563,0.000268831701195263,-0.365136296361952,-0.109708994060044,0.788657895086636,0.694102040847633,0.896094866286408,FALSE,"-","Wald normal","genre_simulation","PRIMARY",-0.240956587486069,0.0651969260110111,-3.69582742973762,0.000219171812570787,-0.368740214370373,-0.113172960601764,0.785875742489426,0.69160505616958,0.892996193599071,FALSE,"-","Wald normal",0.00278215259720926,0.354019401132821,0.00353394227507076,FALSE,FALSE
"RELEASE_MONTH","genre_strategy",-0.195892655964053,0.074582013070348,-2.62654020587083,0.00862578015134232,-0.342070715476431,-0.0497145964516754,0.822100477525142,0.710297973873519,0.951500947498708,FALSE,"-","Wald normal","genre_strategy","PRIMARY",-0.191505896848702,0.0746344144908829,-2.56591946429881,0.0102902717221728,-0.337786661258067,-0.0452251324393371,0.82571475597714,0.713347456314887,0.955782280013379,FALSE,"-","Wald normal",-0.00361427845199813,0.437715134171368,-0.00438675911535119,FALSE,FALSE
