"model_id","price_usd","price_support_region","predicted_probability","ci95_lower","ci95_upper","link_estimate","link_standard_error"
"PRICE_SPLINE_DF4_SENSITIVITY",0.49,"SPARSE_TAIL",0.766924578888076,0.633247289450065,0.862460657886985,1.19102636697536,0.329012763139084
"PRICE_SPLINE_DF4_SENSITIVITY",1.49251256281407,"CENTRAL_5_95",0.779944194589902,0.717951233667365,0.831509132518649,1.26534119658573,0.16889062165606
"PRICE_SPLINE_DF4_SENSITIVITY",2.49502512562814,"CENTRAL_5_95",0.787679224165961,0.72429536208539,0.839715971395283,1.31099270639231,0.176086694169768
"PRICE_SPLINE_DF4_SENSITIVITY",3.49753768844221,"CENTRAL_5_95",0.793077688952716,0.736439635952973,0.840185737002443,1.34357777138176,0.161244252104674
"PRICE_SPLINE_DF4_SENSITIVITY",4.50005025125628,"CENTRAL_5_95",0.801112122749421,0.746279314247718,0.846531673600825,1.39325968069994,0.160407913984229
"PRICE_SPLINE_DF4_SENSITIVITY",5.50256281407035,"CENTRAL_5_95",0.814803537035486,0.759849766855401,0.859507272944723,1.48152980176339,0.168203989845445
"PRICE_SPLINE_DF4_SENSITIVITY",6.50507537688442,"CENTRAL_5_95",0.830887377551995,0.779847142742086,0.872036130626886,1.59192936126773,0.166918139831813
"PRICE_SPLINE_DF4_SENSITIVITY",7.50758793969849,"CENTRAL_5_95",0.845634701386361,0.799451263413799,0.882742683334403,1.70076560888535,0.162195495560367
"PRICE_SPLINE_DF4_SENSITIVITY",8.51010050251256,"CENTRAL_5_95",0.85778496906578,0.815315303244853,0.891784662413797,1.79701323471808,0.159231676081842
"PRICE_SPLINE_DF4_SENSITIVITY",9.51261306532663,"CENTRAL_5_95",0.867157940485829,0.826825191353497,0.899241829396334,1.87606022903851,0.159578683384564
"PRICE_SPLINE_DF4_SENSITIVITY",10.5151256281407,"CENTRAL_5_95",0.873968489629841,0.834546215383779,0.905066219814153,1.93651236396155,0.162409183416245
"PRICE_SPLINE_DF4_SENSITIVITY",11.5176381909548,"CENTRAL_5_95",0.878732108413141,0.839499139335968,0.909409806909908,1.98047800423705,0.16631522846843
"PRICE_SPLINE_DF4_SENSITIVITY",12.5201507537688,"CENTRAL_5_95",0.882005502556752,0.842574328795849,0.9125848247193,2.01156030317232,0.17043774344423
"PRICE_SPLINE_DF4_SENSITIVITY",13.5226633165829,"CENTRAL_5_95",0.884165999301718,0.844319029179344,0.914842685175883,2.03248668928017,0.17437316530515
"PRICE_SPLINE_DF4_SENSITIVITY",14.525175879397,"CENTRAL_5_95",0.885472803622087,0.845079353357206,0.916376394484055,2.04530942599131,0.177958332488391
"PRICE_SPLINE_DF4_SENSITIVITY",15.5276884422111,"CENTRAL_5_95",0.88610918142963,0.845083381339729,0.917333113909786,2.05159991498002,0.181152126874801
"PRICE_SPLINE_DF4_SENSITIVITY",16.5302010050251,"CENTRAL_5_95",0.886208020229873,0.844486945904355,0.917825310000238,2.05257966618773,0.183972801514702
"PRICE_SPLINE_DF4_SENSITIVITY",17.5327135678392,"CENTRAL_5_95",0.885867850160741,0.843399881655448,0.917939592960211,2.04921080001647,0.186465231592993
"PRICE_SPLINE_DF4_SENSITIVITY",18.5352261306533,"CENTRAL_5_95",0.885163191401294,0.841901688959139,0.91774336466622,2.04225996018569,0.188683963551383
"PRICE_SPLINE_DF4_SENSITIVITY",19.5377386934673,"CENTRAL_5_95",0.884151417861322,0.840051241652171,0.917289704162734,2.03234432310804,0.190684593046504
"PRICE_SPLINE_DF4_SENSITIVITY",20.5402512562814,"SPARSE_TAIL",0.882877419816419,0.837893015092621,0.91662092859793,2.01996528833596,0.192519548247265
"PRICE_SPLINE_DF4_SENSITIVITY",21.5427638190955,"SPARSE_TAIL",0.881376839745274,0.835461208087733,0.915771188494019,2.00553352750229,0.19423620669881
"PRICE_SPLINE_DF4_SENSITIVITY",22.5452763819095,"SPARSE_TAIL",0.879678361624007,0.832782547704169,0.914768367550828,1.98938786557641,0.195876241937906
"PRICE_SPLINE_DF4_SENSITIVITY",23.5477889447236,"SPARSE_TAIL",0.877805358998271,0.829878245409183,0.913635482986796,1.97180969081599,0.197475606843339
"PRICE_SPLINE_DF4_SENSITIVITY",24.5503015075377,"SPARSE_TAIL",0.875777100331811,0.82676539127908,0.912391726389351,1.95303407701747,0.199064833523601
"PRICE_SPLINE_DF4_SENSITIVITY",25.5528140703518,"SPARSE_TAIL",0.873609643339953,0.823457966755664,0.911053244557884,1.93325845699556,0.200669476933014
"PRICE_SPLINE_DF4_SENSITIVITY",26.5553266331658,"SPARSE_TAIL",0.871316507344029,0.819967592492715,0.909633731120359,1.91264945052242,0.20231060974332
"PRICE_SPLINE_DF4_SENSITIVITY",27.5578391959799,"SPARSE_TAIL",0.868909184873596,0.816304088338877,0.908144879491174,1.89134828622311,0.204005320000051
"PRICE_SPLINE_DF4_SENSITIVITY",28.560351758794,"SPARSE_TAIL",0.866397535287488,0.812475897517515,0.906596733499071,1.86947514152905,0.205767187184281
"PRICE_SPLINE_DF4_SENSITIVITY",29.562864321608,"SPARSE_TAIL",0.863790090728801,0.808490410909564,0.904997961943214,1.8471326423774,0.207606725395661
"PRICE_SPLINE_DF4_SENSITIVITY",30.5653768844221,"SPARSE_TAIL",0.86109429619091,0.804354216689425,0.90335607617021,1.82440870475891,0.209531789377631
"PRICE_SPLINE_DF4_SENSITIVITY",31.5678894472362,"SPARSE_TAIL",0.858316699534287,0.800073293402225,0.901677604632244,1.80137885664281,0.211547942748256
"PRICE_SPLINE_DF4_SENSITIVITY",32.5704020100503,"SPARSE_TAIL",0.855463103109569,0.795653159671029,0.899968234685515,1.7781081466054,0.213658789607085
"PRICE_SPLINE_DF4_SENSITIVITY",33.5729145728643,"SPARSE_TAIL",0.852538685656381,0.79109899031165,0.898232929203247,1.75465272145402,0.215866271514338
"PRICE_SPLINE_DF4_SENSITIVITY",34.5754271356784,"SPARSE_TAIL",0.84954810099187,0.786415706217088,0.896476023620227,1.73106113703462,0.218170932158542
"PRICE_SPLINE_DF4_SENSITIVITY",35.5779396984925,"SPARSE_TAIL",0.846495558429624,0.781608043633216,0.894701307593318,1.70737545265676,0.220572152101379
"PRICE_SPLINE_DF4_SENSITIVITY",36.5804522613065,"SPARSE_TAIL",0.843384888709756,0.776680607171615,0.892912094411373,1.6836321490348,0.223068355950488
"PRICE_SPLINE_DF4_SENSITIVITY",37.5829648241206,"SPARSE_TAIL",0.840219598357474,0.771637909954555,0.891111280515638,1.65986290151452,0.225657194230074
"PRICE_SPLINE_DF4_SENSITIVITY",38.5854773869347,"SPARSE_TAIL",0.837002914738891,0.766484403566845,0.889301396923713,1.63609523403449,0.228335702125836
"PRICE_SPLINE_DF4_SENSITIVITY",39.5879899497487,"SPARSE_TAIL",0.833737823591532,0.761224499935452,0.887484653932141,1.61235307432659,0.231100437185881
"PRICE_SPLINE_DF4_SENSITIVITY",40.5905025125628,"SPARSE_TAIL",0.830427100431816,0.755862586826575,0.885662980164963,1.58865722696583,0.233947597964935
"PRICE_SPLINE_DF4_SENSITIVITY",41.5930150753769,"SPARSE_TAIL",0.827073336953136,0.750403038310264,0.883838056808445,1.5650257777935,0.23687312550362
"PRICE_SPLINE_DF4_SENSITIVITY",42.595527638191,"SPARSE_TAIL",0.823678963304423,0.744850221273127,0.882011347704171,1.54147444077962,0.239872789435799
"PRICE_SPLINE_DF4_SENSITIVITY",43.598040201005,"SPARSE_TAIL",0.820246266964544,0.739208498844275,0.880184125847494,1.5180168564204,0.242942260413486
"PRICE_SPLINE_DF4_SENSITIVITY",44.6005527638191,"SPARSE_TAIL",0.816777408790797,0.733482231426947,0.878357496744269,1.4946648491803,0.246077170430278
"PRICE_SPLINE_DF4_SENSITIVITY",45.6030653266332,"SPARSE_TAIL",0.813274436711442,0.727675775889442,0.876532419007184,1.47142865020461,0.249273162511348
"PRICE_SPLINE_DF4_SENSITIVITY",46.6055778894472,"SPARSE_TAIL",0.809739297446124,0.721793483357411,0.874709722517506,1.44831709048482,0.25252593112219
"PRICE_SPLINE_DF4_SENSITIVITY",47.6080904522613,"SPARSE_TAIL",0.806173846569227,0.715839695959868,0.87289012443428,1.42533776880647,0.255831254531303
"PRICE_SPLINE_DF4_SENSITIVITY",48.6106030150754,"SPARSE_TAIL",0.80257985717592,0.709818742809413,0.871074243297558,1.40249719811049,0.259185020245958
"PRICE_SPLINE_DF4_SENSITIVITY",49.6131155778894,"SPARSE_TAIL",0.79895902736599,0.703734935439618,0.869262611442985,1.37980093332302,0.262583244526859
"PRICE_SPLINE_DF4_SENSITIVITY",50.6156281407035,"SPARSE_TAIL",0.795312986724338,0.697592562876583,0.867455685920326,1.35725368323322,0.266022086878682
"PRICE_SPLINE_DF4_SENSITIVITY",51.6181407035176,"SPARSE_TAIL",0.791643301947452,0.691395886485143,0.865653858087191,1.33485940860346,0.269497860310414
"PRICE_SPLINE_DF4_SENSITIVITY",52.6206532663317,"SPARSE_TAIL",0.787951481740981,0.685149134701169,0.863857462030573,1.31262140836761,0.273007038063143
"PRICE_SPLINE_DF4_SENSITIVITY",53.6231658291457,"SPARSE_TAIL",0.784238981093641,0.678856497738356,0.862066781952315,1.29054239549838,0.276546257414111
"PRICE_SPLINE_DF4_SENSITIVITY",54.6256783919598,"SPARSE_TAIL",0.780507205016225,0.672522122339701,0.860282058639859,1.26862456389448,0.280112321084745
"PRICE_SPLINE_DF4_SENSITIVITY",55.6281909547739,"SPARSE_TAIL",0.77675751182089,0.666150106629404,0.858503495130429,1.2468696474446,0.283702196707149
"PRICE_SPLINE_DF4_SENSITIVITY",56.6307035175879,"SPARSE_TAIL",0.772991216004523,0.659744495109474,0.856731261664877,1.2252789722619,0.287313014737927
"PRICE_SPLINE_DF4_SENSITIVITY",57.633216080402,"SPARSE_TAIL",0.769209590790536,0.6533092738362,0.854965500016708,1.20385350294451,0.290942065150005
"PRICE_SPLINE_DF4_SENSITIVITY",58.6357286432161,"SPARSE_TAIL",0.765413870375482,0.64684836580433,0.853206327272155,1.18259388360041,0.294586793181817
"PRICE_SPLINE_DF4_SENSITIVITY",59.6382412060302,"SPARSE_TAIL",0.761605251920222,0.640365626560947,0.851453839128497,1.1615004742752,0.298244794378347
"PRICE_SPLINE_DF4_SENSITIVITY",60.6407537688442,"SPARSE_TAIL",0.757784897319717,0.633864840066185,0.849708112770023,1.14057338333649,0.301913809119528
"PRICE_SPLINE_DF4_SENSITIVITY",61.6432663316583,"SPARSE_TAIL",0.753953934780751,0.627349714814018,0.847969209374069,1.1198124962956,0.305591716797824
"PRICE_SPLINE_DF4_SENSITIVITY",62.6457788944724,"SPARSE_TAIL",0.750113460232874,0.62082388022304,0.846237176293372,1.09921750148536,0.309276529777875
"PRICE_SPLINE_DF4_SENSITIVITY",63.6482914572864,"SPARSE_TAIL",0.746264538594352,0.614290883304333,0.844512048955376,1.07878791295905,0.312966387246407
"PRICE_SPLINE_DF4_SENSITIVITY",64.6508040201005,"SPARSE_TAIL",0.742408204912005,0.607754185611151,0.842793852514246,1.05852309092947,0.316659549039606
"PRICE_SPLINE_DF4_SENSITIVITY",65.6533165829146,"SPARSE_TAIL",0.738545465391294,0.601217160473019,0.841082603286968,1.03842226002744,0.320354389517445
"PRICE_SPLINE_DF4_SENSITIVITY",66.6558291457286,"SPARSE_TAIL",0.734677298330828,0.594683090515019,0.839378310001019,1.01848452562473,0.324049391539513
"PRICE_SPLINE_DF4_SENSITIVITY",67.6583417085427,"SPARSE_TAIL",0.730804654973637,0.588155165461357,0.837680974877713,0.998708888436522,0.327743140584466
"PRICE_SPLINE_DF4_SENSITIVITY",68.6608542713568,"SPARSE_TAIL",0.726928460285929,0.581636480220859,0.835990594572293,0.97909425759269,0.331434319044833
"PRICE_SPLINE_DF4_SENSITIVITY",69.6633668341708,"SPARSE_TAIL",0.723049613672665,0.575130033250669,0.834307160989208,0.959639462344826,0.33512170072035
"PRICE_SPLINE_DF4_SENSITIVITY",70.6658793969849,"SPARSE_TAIL",0.719168989638107,0.568638725193269,0.832630661988667,0.940343262556203,0.338804145525948
"PRICE_SPLINE_DF4_SENSITIVITY",71.668391959799,"SPARSE_TAIL",0.715287438398426,0.562165357780791,0.830961081998547,0.921204358104892,0.342480594424777
"PRICE_SPLINE_DF4_SENSITIVITY",72.6709045226131,"SPARSE_TAIL",0.711405786452566,0.555712632999665,0.829298402543915,0.902221397315226,0.346150064592011
"PRICE_SPLINE_DF4_SENSITIVITY",73.6734170854271,"SPARSE_TAIL",0.707524837116778,0.549283152507755,0.827642602704877,0.883392984519795,0.349811644811419
"PRICE_SPLINE_DF4_SENSITIVITY",74.6759296482412,"SPARSE_TAIL",0.703645371027536,0.542879417295356,0.82599365951209,0.864717686842585,0.353464491103752
"PRICE_SPLINE_DF4_SENSITIVITY",75.6784422110553,"SPARSE_TAIL",0.699768146616958,0.536503827580759,0.824351548288068,0.846194040283879,0.357107822583675
"PRICE_SPLINE_DF4_SENSITIVITY",76.6809547738693,"SPARSE_TAIL",0.695893900564328,0.530158682930509,0.822716242941379,0.827820555178583,0.360740917540155
"PRICE_SPLINE_DF4_SENSITIVITY",77.6834673366834,"SPARSE_TAIL",0.692023348226853,0.523846182593986,0.821087716219915,0.809595721091877,0.364363109733911
"PRICE_SPLINE_DF4_SENSITIVITY",78.6859798994975,"SPARSE_TAIL",0.688157184052388,0.517568426041539,0.8194659399286,0.791518011209155,0.367973784904519
"PRICE_SPLINE_DF4_SENSITIVITY",79.6884924623115,"SPARSE_TAIL",0.684296081976513,0.511327413695089,0.817850885116248,0.773585886271128,0.371572377479075
"PRICE_SPLINE_DF4_SENSITIVITY",80.6910050251256,"SPARSE_TAIL",0.680440695806018,0.505125047839868,0.816242522235625,0.755797798099574,0.375158367473882
"PRICE_SPLINE_DF4_SENSITIVITY",81.6935175879397,"SPARSE_TAIL",0.67659165959061,0.498963133705829,0.814640821280291,0.738152192754424,0.378731277580351
"PRICE_SPLINE_DF4_SENSITIVITY",82.6960301507538,"SPARSE_TAIL",0.672749587984389,0.492843380707142,0.813045751901295,0.720647513358641,0.382290670426224
"PRICE_SPLINE_DF4_SENSITIVITY",83.6985427135678,"SPARSE_TAIL",0.66891507659843,0.486767403828204,0.811457283506433,0.703282202623561,0.385836146003219
"PRICE_SPLINE_DF4_SENSITIVITY",84.7010552763819,"SPARSE_TAIL",0.665088702345647,0.480736725144624,0.809875385344396,0.686054705104046,0.389367339252346
"PRICE_SPLINE_DF4_SENSITIVITY",85.703567839196,"SPARSE_TAIL",0.661271023778929,0.474752775467763,0.808300026575852,0.668963469209782,0.392883917798287
"PRICE_SPLINE_DF4_SENSITIVITY",86.70608040201,"SPARSE_TAIL",0.657462581423386,0.468816896101552,0.806731176333248,0.652006948996409,0.396385579824522
"PRICE_SPLINE_DF4_SENSITIVITY",87.7085929648241,"SPARSE_TAIL",0.65366389810346,0.462930340700545,0.805168803770844,0.635183605757806,0.399872052081135
"PRICE_SPLINE_DF4_SENSITIVITY",88.7111055276382,"SPARSE_TAIL",0.649875479265487,0.457094277218411,0.803612878106356,0.618491909438703,0.403343088017551
"PRICE_SPLINE_DF4_SENSITIVITY",89.7136180904523,"SPARSE_TAIL",0.646097813296243,0.45130978993635,0.80206336865535,0.601930339884936,0.406798466032806
"PRICE_SPLINE_DF4_SENSITIVITY",90.7161306532663,"SPARSE_TAIL",0.642331371837903,0.445577881561277,0.800520244859411,0.585497387946931,0.410237987836259
"PRICE_SPLINE_DF4_SENSITIVITY",91.7186432160804,"SPARSE_TAIL",0.638576610099765,0.439899475383954,0.798983476308962,0.569191556450495,0.413661476912031
"PRICE_SPLINE_DF4_SENSITIVITY",92.7211557788945,"SPARSE_TAIL",0.634833967167036,0.434275417487631,0.797453032761508,0.553011361047629,0.417068777080787
"PRICE_SPLINE_DF4_SENSITIVITY",93.7236683417085,"SPARSE_TAIL",0.631103866306903,0.428706478998196,0.795928884155958,0.536955330958858,0.420459751152818
"PRICE_SPLINE_DF4_SENSITIVITY",94.7261809045226,"SPARSE_TAIL",0.627386715272084,0.423193358367203,0.794411000623614,0.521022009617454,0.423834279666715
"PRICE_SPLINE_DF4_SENSITIVITY",95.7286934673367,"SPARSE_TAIL",0.623682906601992,0.417736683679627,0.792899352496308,0.505209955224964,0.427192259708257
"PRICE_SPLINE_DF4_SENSITIVITY",96.7312060301507,"SPARSE_TAIL",0.619992817921614,0.412337014978602,0.791393910312151,0.489517741226541,0.430533603804435
"PRICE_SPLINE_DF4_SENSITIVITY",97.7337185929648,"SPARSE_TAIL",0.616316812238174,0.40699484659988,0.789894644819233,0.473943956713804,0.433858238887846
"PRICE_SPLINE_DF4_SENSITIVITY",98.7362311557789,"SPARSE_TAIL",0.612655238235626,0.401710609509152,0.788401526977629,0.458487206762187,0.437166105326976
"PRICE_SPLINE_DF4_SENSITIVITY",99.738743718593,"SPARSE_TAIL",0.609008430566992,0.396484673635859,0.786914527959976,0.443146112709129,0.440457156018165
"PRICE_SPLINE_DF4_SENSITIVITY",100.741256281407,"SPARSE_TAIL",0.605376710144538,0.391317350197553,0.78543361915087,0.427919312378845,0.44373135553529
"PRICE_SPLINE_DF4_SENSITIVITY",101.743768844221,"SPARSE_TAIL",0.601760384427779,0.386208894009298,0.783958772145282,0.412805460258885,0.4469886793335
"PRICE_SPLINE_DF4_SENSITIVITY",102.746281407035,"SPARSE_TAIL",0.598159747709273,0.381159505773026,0.782489958746194,0.39780322763322,0.450229113003494
"PRICE_SPLINE_DF4_SENSITIVITY",103.748793969849,"SPARSE_TAIL",0.594575081398152,0.376169334342216,0.781027150961585,0.382911302676141,0.453452651573128
"PRICE_SPLINE_DF4_SENSITIVITY",104.751306532663,"SPARSE_TAIL",0.591006654301356,0.371238478957632,0.779570321000916,0.368128390510888,0.456659298853299
"PRICE_SPLINE_DF4_SENSITIVITY",105.753819095477,"SPARSE_TAIL",0.587454722902485,0.366366991450269,0.778119441271224,0.353453213236546,0.459849066825263
"PRICE_SPLINE_DF4_SENSITIVITY",106.756331658291,"SPARSE_TAIL",0.583919531638213,0.361554878408048,0.776674484372918,0.338884509926427,0.463021975066726
"PRICE_SPLINE_DF4_SENSITIVITY",107.758844221106,"SPARSE_TAIL",0.580401313172197,0.356802103303155,0.775235423095364,0.324421036600881,0.466178050214228
"PRICE_SPLINE_DF4_SENSITIVITY",108.76135678392,"SPARSE_TAIL",0.576900288666393,0.352108588577256,0.773802230412328,0.310061566177193,0.46931732545949
"PRICE_SPLINE_DF4_SENSITIVITY",109.763869346734,"SPARSE_TAIL",0.573416668049712,0.347474217682203,0.772374879477336,0.29580488839898,0.472439840077544
"PRICE_SPLINE_DF4_SENSITIVITY",110.766381909548,"SPARSE_TAIL",0.569950650283942,0.342898837074104,0.770953343618998,0.281649809747304,0.475545638984633
"PRICE_SPLINE_DF4_SENSITIVITY",111.768894472362,"SPARSE_TAIL",0.566502423626844,0.338382258158971,0.769537596336343,0.267595153335501,0.478634772323956
"PRICE_SPLINE_DF4_SENSITIVITY",112.771407035176,"SPARSE_TAIL",0.563072165892367,0.333924259188448,0.768127611294189,0.253639758789538,0.481707295077508
"PRICE_SPLINE_DF4_SENSITIVITY",113.77391959799,"SPARSE_TAIL",0.559660044707892,0.329524587104353,0.7667233623186,0.239782482115578,0.484763266702334
"PRICE_SPLINE_DF4_SENSITIVITY",114.776432160804,"SPARSE_TAIL",0.556266217768436,0.325182959331057,0.765324823392414,0.22602219555623,0.487802750789669
"PRICE_SPLINE_DF4_SENSITIVITY",115.778944723618,"SPARSE_TAIL",0.552890833087757,0.320899065514941,0.763931968650902,0.21235778743688,0.490825814745496
"PRICE_SPLINE_DF4_SENSITIVITY",116.781457286432,"SPARSE_TAIL",0.54953402924628,0.316672569210385,0.762544772377545,0.198788162003335,0.493832529491173
"PRICE_SPLINE_DF4_SENSITIVITY",117.783969849246,"SPARSE_TAIL",0.546195935635793,0.312503109511967,0.761163208999953,0.185312239251926,0.496822969182872
"PRICE_SPLINE_DF4_SENSITIVITY",118.78648241206,"SPARSE_TAIL",0.54287667270084,0.308390302632704,0.759787253085925,0.171928954753079,0.499797210948637
"PRICE_SPLINE_DF4_SENSITIVITY",119.788994974874,"SPARSE_TAIL",0.539576352176777,0.304333743428379,0.758416879339667,0.158637259469307,0.502755334641954
"PRICE_SPLINE_DF4_SENSITIVITY",120.791507537688,"SPARSE_TAIL",0.536295077324419,0.300333006868121,0.757052062598168,0.145436119568473,0.505697422610802
"PRICE_SPLINE_DF4_SENSITIVITY",121.794020100503,"SPARSE_TAIL",0.533032943161239,0.296387649451571,0.755692777827727,0.132324516233069,0.508623559481224
"PRICE_SPLINE_DF4_SENSITIVITY",122.796532663317,"SPARSE_TAIL",0.529790036689086,0.29249721057309,0.754339000120646,0.119301445466256,0.511533831954493
"PRICE_SPLINE_DF4_SENSITIVITY",123.799045226131,"SPARSE_TAIL",0.526566437118364,0.288661213833581,0.75299070469208,0.106365917895245,0.514428328617053
"PRICE_SPLINE_DF4_SENSITIVITY",124.801557788945,"SPARSE_TAIL",0.523362216088658,0.28487916830061,0.751647866877045,0.0935169585726465,0.517307139762419
"PRICE_SPLINE_DF4_SENSITIVITY",125.804070351759,"SPARSE_TAIL",0.52017743788576,0.281150569717607,0.75031046212758,0.0807536067762671,0.520170357224312
"PRICE_SPLINE_DF4_SENSITIVITY",126.806582914573,"SPARSE_TAIL",0.517012159655086,0.27747490166299,0.748978466010059,0.0680749158078389,0.523018074220324
"PRICE_SPLINE_DF4_SENSITIVITY",127.809095477387,"SPARSE_TAIL",0.513866431611447,0.273851636660172,0.747651854202658,0.0554799527911221,0.525850385205474
"PRICE_SPLINE_DF4_SENSITIVITY",128.811608040201,"SPARSE_TAIL",0.510740297245168,0.270280237239427,0.746330602492955,0.0429677984697319,0.528667385735036
"PRICE_SPLINE_DF4_SENSITIVITY",129.814120603015,"SPARSE_TAIL",0.507633793524538,0.26676015695268,0.74501468677568,0.0305375470050644,0.53146917233608
"PRICE_SPLINE_DF4_SENSITIVITY",130.816633165829,"SPARSE_TAIL",0.504546951094579,0.263290841342329,0.743704083050596,0.0181883057746204,0.534255842387187
"PRICE_SPLINE_DF4_SENSITIVITY",131.819145728643,"SPARSE_TAIL",0.501479794472139,0.259871728865224,0.742398767420506,0.00591919517100026,0.537027494005842
"PRICE_SPLINE_DF4_SENSITIVITY",132.821658291457,"SPARSE_TAIL",0.498432342237286,0.256502251772984,0.741098716089391,-0.00627065159817186,0.539784225943031
"PRICE_SPLINE_DF4_SENSITIVITY",133.824170854271,"SPARSE_TAIL",0.495404607221038,0.253181836949857,0.739803905360666,-0.0183820887091548,0.542526137484613
"PRICE_SPLINE_DF4_SENSITIVITY",134.826683417085,"SPARSE_TAIL",0.492396596689401,0.249909906709331,0.738514311635547,-0.0304159579196708,0.54525332835905
"PRICE_SPLINE_DF4_SENSITIVITY",135.8291959799,"SPARSE_TAIL",0.489408312523739,0.246685879550729,0.737229911411533,-0.0423730887649405,0.547965898651109
"PRICE_SPLINE_DF4_SENSITIVITY",136.831708542714,"SPARSE_TAIL",0.4864397513975,0.243509170877033,0.735950681280987,-0.0542542987520174,0.550663948721175
"PRICE_SPLINE_DF4_SENSITIVITY",137.834221105528,"SPARSE_TAIL",0.483490904949284,0.240379193675173,0.734676597929822,-0.0660603935523303,0.553347579129849
"PRICE_SPLINE_DF4_SENSITIVITY",138.836733668342,"SPARSE_TAIL",0.480561759952298,0.237295359160031,0.733407638136279,-0.077792167192229,0.556016890567483
"PRICE_SPLINE_DF4_SENSITIVITY",139.839246231156,"SPARSE_TAIL",0.477652298480206,0.234257077383392,0.732143778769788,-0.0894504022415112,0.558671983788391
"PRICE_SPLINE_DF4_SENSITIVITY",140.84175879397,"SPARSE_TAIL",0.474762498069396,0.231263757809079,0.730884996789928,-0.101035869999773,0.561312959549428
"PRICE_SPLINE_DF4_SENSITIVITY",141.844271356784,"SPARSE_TAIL",0.471892331877696,0.228314809855481,0.729631269245458,-0.112549330680534,0.563939918552686
"PRICE_SPLINE_DF4_SENSITIVITY",142.846783919598,"SPARSE_TAIL",0.469041768839565,0.225409643406688,0.728382573273419,-0.123991533593066,0.566552961392063
"PRICE_SPLINE_DF4_SENSITIVITY",143.849296482412,"SPARSE_TAIL",0.466210773817786,0.22254766929342,0.727138886098324,-0.135363217321845,0.56915218850346
"PRICE_SPLINE_DF4_SENSITIVITY",144.851809045226,"SPARSE_TAIL",0.463399307751694,0.21972829974491,0.725900185031395,-0.146665109903616,0.571737700118412
"PRICE_SPLINE_DF4_SENSITIVITY",145.85432160804,"SPARSE_TAIL",0.460607327801984,0.216950948812906,0.724666447469884,-0.157897929001978,0.57430959622092
"PRICE_SPLINE_DF4_SENSITIVITY",146.856834170854,"SPARSE_TAIL",0.457834787492115,0.214215032768902,0.723437650896438,-0.169062382079516,0.576867976507316
"PRICE_SPLINE_DF4_SENSITIVITY",147.859346733668,"SPARSE_TAIL",0.455081636846368,0.211519970475711,0.722213772878526,-0.180159166567406,0.57941294034897
"PRICE_SPLINE_DF4_SENSITIVITY",148.861859296482,"SPARSE_TAIL",0.452347822524578,0.208865183734456,0.720994791067918,-0.191188970032499,0.581944586757668
"PRICE_SPLINE_DF4_SENSITIVITY",149.864371859296,"SPARSE_TAIL",0.449633287953605,0.206250097608025,0.719780683200218,-0.202152470341858,0.584463014353506
"PRICE_SPLINE_DF4_SENSITIVITY",150.866884422111,"SPARSE_TAIL",0.446937973455556,0.203674140722018,0.71857142709443,-0.213050335824764,0.586968321335153
"PRICE_SPLINE_DF4_SENSITIVITY",151.869396984925,"SPARSE_TAIL",0.444261816372828,0.20113674554419,0.717367000652581,-0.223883225432161,0.589460605452329
"PRICE_SPLINE_DF4_SENSITIVITY",152.871909547739,"SPARSE_TAIL",0.44160475119,0.198637348643345,0.716167381859376,-0.234651788893549,0.591939963980387
"PRICE_SPLINE_DF4_SENSITIVITY",153.874422110553,"SPARSE_TAIL",0.438966709652625,0.196175390928634,0.71497254878189,-0.245356666871351,0.594406493696849
"PRICE_SPLINE_DF4_SENSITIVITY",154.876934673367,"SPARSE_TAIL",0.436347620882966,0.19375031787016,0.713782479569296,-0.255998491112736,0.596860290859801
"PRICE_SPLINE_DF4_SENSITIVITY",155.879447236181,"SPARSE_TAIL",0.433747411492725,0.191361579701785,0.712597152452629,-0.266577884598924,0.599301451188026
"PRICE_SPLINE_DF4_SENSITIVITY",156.881959798995,"SPARSE_TAIL",0.431166005692811,0.189008631606977,0.711416545744569,-0.277095461691987,0.601730069842767
"PRICE_SPLINE_DF4_SENSITIVITY",157.884472361809,"SPARSE_TAIL",0.428603325400191,0.186690933888541,0.710240637839262,-0.287551828279176,0.604146241411037
"PRICE_SPLINE_DF4_SENSITIVITY",158.886984924623,"SPARSE_TAIL",0.426059290341885,0.18440795212302,0.709069407212158,-0.297947581914758,0.606550059890364
"PRICE_SPLINE_DF4_SENSITIVITY",159.889497487437,"SPARSE_TAIL",0.423533818156132,0.182159157300542,0.707902832419878,-0.308283311959438,0.60894161867491
"PRICE_SPLINE_DF4_SENSITIVITY",160.892010050251,"SPARSE_TAIL",0.421026824490805,0.179944025950845,0.706740892100096,-0.318559599717339,0.611321010542852
"PRICE_SPLINE_DF4_SENSITIVITY",161.894522613065,"SPARSE_TAIL",0.418538223099092,0.177762040256217,0.705583564971448,-0.328777018570603,0.613688327644972
"PRICE_SPLINE_DF4_SENSITIVITY",162.897035175879,"SPARSE_TAIL",0.416067925932522,0.175612688152005,0.704430829833448,-0.338936134111621,0.616043661494381
"PRICE_SPLINE_DF4_SENSITIVITY",163.899547738693,"SPARSE_TAIL",0.413615843231368,0.173495463415391,0.703282665566429,-0.349037504272927,0.618387102957288
"PRICE_SPLINE_DF4_SENSITIVITY",164.902060301508,"SPARSE_TAIL",0.411181883612477,0.171409865743034,0.702139051131495,-0.359081679454785,0.620718742244785
"PRICE_SPLINE_DF4_SENSITIVITY",165.904572864322,"SPARSE_TAIL",0.408765954154589,0.169355400818227,0.700999965570483,-0.369069202650488,0.623038668905549
"PRICE_SPLINE_DF4_SENSITIVITY",166.907085427136,"SPARSE_TAIL",0.40636796048118,0.167331580368109,0.699865388005941,-0.379000609569432,0.625346971819436
"PRICE_SPLINE_DF4_SENSITIVITY",167.90959798995,"SPARSE_TAIL",0.403987806840889,0.16533792221154,0.698735297641114,-0.388876428757952,0.627643739191891
"PRICE_SPLINE_DF4_SENSITIVITY",168.912110552764,"SPARSE_TAIL",0.401625396185571,0.163373950298138,0.697609673759936,-0.398697181717989,0.629929058549144
"PRICE_SPLINE_DF4_SENSITIVITY",169.914623115578,"SPARSE_TAIL",0.39928063024603,0.161439194739013,0.696488495727039,-0.408463383023605,0.632203016734116
"PRICE_SPLINE_DF4_SENSITIVITY",170.917135678392,"SPARSE_TAIL",0.396953409605479,0.159533191829686,0.695371742987756,-0.418175540435373,0.634465699903023
"PRICE_SPLINE_DF4_SENSITIVITY",171.919648241206,"SPARSE_TAIL",0.394643633770773,0.157655484065661,0.694259395068139,-0.427834155012698,0.636717193522608
"PRICE_SPLINE_DF4_SENSITIVITY",172.92216080402,"SPARSE_TAIL",0.392351201241472,0.155805620151102,0.693151431574981,-0.437439721224072,0.638957582367977
"PRICE_SPLINE_DF4_SENSITIVITY",173.924673366834,"SPARSE_TAIL",0.390076009576762,0.153983155001041,0.692047832195835,-0.446992727055321,0.641186950520998
"PRICE_SPLINE_DF4_SENSITIVITY",174.927185929648,"SPARSE_TAIL",0.38781795546031,0.152187649737537,0.690948576699044,-0.456493654115868,0.643405381369219
"PRICE_SPLINE_DF4_SENSITIVITY",175.929698492462,"SPARSE_TAIL",0.385576934763072,0.150418671680159,0.689853644933774,-0.465942977743038,0.645612957605285
"PRICE_SPLINE_DF4_SENSITIVITY",176.932211055276,"SPARSE_TAIL",0.38335284260412,0.148675794331182,0.688763016830036,-0.47534116710446,0.647809761226816
"PRICE_SPLINE_DF4_SENSITIVITY",177.93472361809,"SPARSE_TAIL",0.381145573409519,0.146958597355846,0.687676672398727,-0.484688685298571,0.649995873536708
"PRICE_SPLINE_DF4_SENSITIVITY",178.937236180905,"SPARSE_TAIL",0.378955020969313,0.145266666558011,0.686594591731657,-0.493985989453277,0.652171375143845
"PRICE_SPLINE_DF4_SENSITIVITY",179.939748743719,"SPARSE_TAIL",0.376781078492656,0.143599593851532,0.68551675500158,-0.503233530822798,0.654336345964184
"PRICE_SPLINE_DF4_SENSITIVITY",180.942261306533,"SPARSE_TAIL",0.374623638661131,0.141956977227662,0.684443142462233,-0.512431754882719,0.656490865222191
"PRICE_SPLINE_DF4_SENSITIVITY",181.944773869347,"SPARSE_TAIL",0.37248259368031,0.140338420718777,0.683373734448356,-0.521581101423299,0.658635011452602
"PRICE_SPLINE_DF4_SENSITIVITY",182.947286432161,"SPARSE_TAIL",0.370357835329585,0.138743534358685,0.682308511375728,-0.53068200464105,0.660768862502496
"PRICE_SPLINE_DF4_SENSITIVITY",183.949798994975,"SPARSE_TAIL",0.368249255010324,0.137171934139796,0.681247453741189,-0.539734893228634,0.662892495533645
"PRICE_SPLINE_DF4_SENSITIVITY",184.952311557789,"SPARSE_TAIL",0.366156743792388,0.135623241967392,0.680190542122664,-0.548740190463092,0.665005987025131
"PRICE_SPLINE_DF4_SENSITIVITY",185.954824120603,"SPARSE_TAIL",0.364080192459048,0.13409708561124,0.679137757179188,-0.557698314292459,0.667109412776211
"PRICE_SPLINE_DF4_SENSITIVITY",186.957336683417,"SPARSE_TAIL",0.36201949155035,0.132593098654762,0.678089079650918,-0.56660967742077,0.669202847909407
"PRICE_SPLINE_DF4_SENSITIVITY",187.959849246231,"SPARSE_TAIL",0.359974531404954,0.131110920441984,0.677044490359151,-0.575474687391506,0.671286366873806
"PRICE_SPLINE_DF4_SENSITIVITY",188.962361809045,"SPARSE_TAIL",0.357945202200509,0.12965019602245,0.676003970206332,-0.584293746669507,0.673360043448563
"PRICE_SPLINE_DF4_SENSITIVITY",189.964874371859,"SPARSE_TAIL",0.355931393992573,0.128210576094308,0.674967500176063,-0.593067252721366,0.675423950746575
"PRICE_SPLINE_DF4_SENSITIVITY",190.967386934673,"SPARSE_TAIL",0.353932996752145,0.126791716945731,0.673935061333104,-0.601795598094353,0.677478161218332
"PRICE_SPLINE_DF4_SENSITIVITY",191.969899497487,"SPARSE_TAIL",0.351949900401817,0.125393280394854,0.672906634823371,-0.610479170493895,0.679522746655912
"PRICE_SPLINE_DF4_SENSITIVITY",192.972412060302,"SPARSE_TAIL",0.349981994850614,0.12401493372837,0.671882201873926,-0.619118352859613,0.681557778197124
"PRICE_SPLINE_DF4_SENSITIVITY",193.974924623116,"SPARSE_TAIL",0.348029170027531,0.122656349638961,0.670861743792973,-0.627713523439984,0.683583326329781
"PRICE_SPLINE_DF4_SENSITIVITY",194.97743718593,"SPARSE_TAIL",0.346091315913809,0.121317206161674,0.669845241969834,-0.636265055865635,0.685599460896087
"PRICE_SPLINE_DF4_SENSITIVITY",195.979949748744,"SPARSE_TAIL",0.344168322573997,0.119997186609411,0.668832677874932,-0.644773319221276,0.687606251097137
"PRICE_SPLINE_DF4_SENSITIVITY",196.982462311558,"SPARSE_TAIL",0.342260080185818,0.118695979507619,0.667824033059762,-0.653238678116347,0.689603765497512
"PRICE_SPLINE_DF4_SENSITIVITY",197.984974874372,"SPARSE_TAIL",0.340366479068879,0.117413278528338,0.666819289156863,-0.661661492754354,0.691592072029969
"PRICE_SPLINE_DF4_SENSITIVITY",198.987487437186,"SPARSE_TAIL",0.338487409712257,0.116148782423685,0.665818427879775,-0.67004211900095,0.693571238000201
"PRICE_SPLINE_DF4_SENSITIVITY",199.99,"SPARSE_TAIL",0.33662276280099,0.1149021949589,0.664821431023003,-0.678380908450777,0.695541330091684
